{
  "あきる野市": 26595884.476534296,
  "三宅村": 4033333.3333333335,
  "三鷹市": 72147383.72093023,
  "世田谷区": 146247672.25325885,
  "中央区": 621853932.5842696,
  "中野区": 117220312.5,
  "八丈町": 8372941.176470588,
  "八王子市": 39068561.73677069,
  "北区": 84981138.21138212,
  "千代田区": 740361702.1276596,
  "台東区": 316445497.63033175,
  "品川区": 162770370.37037036,
  "国分寺市": 70998550.72463769,
  "国立市": 81636419.75308642,
  "墨田区": 147624705.88235295,
  "多摩市": 46308139.53488372,
  "大島町": 3025000.0,
  "大田区": 112796865.44342507,
  "小平市": 51517068.645640075,
  "小笠原村": 6066666.666666667,
  "小金井市": 74914473.68421052,
  "府中市": 60594156.92821369,
  "文京区": 294101398.6013986,
  "新宿区": 215802985.07462686,
  "新島村": 5257142.857142857,
  "日野市": 49570280.37383178,
  "昭島市": 39405704.69798658,
  "杉並区": 111672559.56956187,
  "東久留米市": 40272282.60869565,
  "東大和市": 40360984.84848485,
  "東村山市": 38544489.79591837,
  "板橋区": 94218441.27332601,
  "武蔵村山市": 30238834.951456312,
  "武蔵野市": 109487845.3038674,
  "江戸川区": 65193026.65520206,
  "江東区": 140754613.46633416,
  "清瀬市": 42522321.428571425,
  "渋谷区": 699665369.6498054,
  "港区": 769725490.1960784,
  "狛江市": 64188311.68831169,
  "町田市": 44994259.567387685,
  "目黒区": 198677831.3253012,
  "神津島村": 1970000.0,
  "福生市": 42358724.832214765,
  "稲城市": 53193193.71727749,
  "立川市": 50972399.1507431,
  "練馬区": 77842945.47498594,
  "羽村市": 37554545.45454545,
  "荒川区": 109784318.76606683,
  "葛飾区": 59777092.51101322,
  "西多摩郡奥多摩町": 4333333.333333333,
  "西多摩郡日の出町": 18033333.333333332,
  "西多摩郡檜原村": 10155714.285714285,
  "西多摩郡瑞穂町": 27316666.666666668,
  "西東京市": 55277024.07002188,
  "調布市": 63441875.0,
  "豊島区": 174405048.07692307,
  "足立区": 65819030.898876406,
  "青梅市": 24197793.69627507
}