{
  "あきる野市": 28343410.85271318,
  "三鷹市": 72147383.72093023,
  "世田谷区": 131627979.9247177,
  "中央区": 297905405.4054054,
  "中野区": 110875786.16352202,
  "八丈町": 20466666.666666668,
  "八王子市": 39255034.96503496,
  "北区": 79478088.96210873,
  "千代田区": 324200000.0,
  "台東区": 199378238.34196892,
  "品川区": 126053887.88426763,
  "国分寺市": 61461988.30409357,
  "国立市": 76405000.0,
  "墨田区": 114561111.1111111,
  "多摩市": 46308139.53488372,
  "大島町": 10000000.0,
  "大田区": 93862461.3003096,
  "小平市": 49739179.104477614,
  "小笠原村": 8400000.0,
  "小金井市": 70688053.09734513,
  "府中市": 56695302.01342282,
  "文京区": 170230769.23076922,
  "新宿区": 173739130.4347826,
  "新島村": 11000000.0,
  "日野市": 46288825.75757576,
  "昭島市": 39889795.91836735,
  "杉並区": 108007710.1002313,
  "東久留米市": 41073055.55555555,
  "東大和市": 40503041.82509506,
  "東村山市": 38830864.197530866,
  "板橋区": 80583258.92857143,
  "武蔵村山市": 30488235.29411765,
  "武蔵野市": 109487845.3038674,
  "江戸川区": 62537391.30434783,
  "江東区": 105089230.76923077,
  "清瀬市": 42522321.428571425,
  "渋谷区": 228472727.27272728,
  "港区": 370661016.9491525,
  "狛江市": 64443478.26086956,
  "町田市": 45512047.17775906,
  "目黒区": 172167901.2345679,
  "福生市": 43770138.88888889,
  "稲城市": 53193193.71727749,
  "立川市": 51173347.547974415,
  "練馬区": 74371339.73996608,
  "羽村市": 37554545.45454545,
  "荒川区": 88333858.26771654,
  "葛飾区": 57678357.38068812,
  "西多摩郡奥多摩町": 10850000.0,
  "西多摩郡日の出町": 20757142.85714286,
  "西多摩郡檜原村": 16350000.0,
  "西多摩郡瑞穂町": 27793000.0,
  "西東京市": 55503296.703296706,
  "調布市": 64205907.17299578,
  "豊島区": 128371287.12871288,
  "足立区": 62610070.92198581,
  "青梅市": 26658146.96485623
}